time_sec,frame_index,event,count_line_id,track_id,class,entry_zone,exit_zone,queue_zone_id,queue_count
0.0,0,queue_snapshot,,,,,,S_queue,2.0
0.0,0,queue_snapshot,,,,,,E_queue,0.0
0.0,0,queue_snapshot,,,,,,N_queue,0.0
0.0,0,queue_snapshot,,,,,,W_queue,0.0
0.0,0,class_snapshot,,,truck,,,,4.0
0.0,0,class_snapshot,,,car,,,,6.0
3.0,1,queue_snapshot,,,,,,S_queue,0.0
3.0,1,queue_snapshot,,,,,,E_queue,0.0
3.0,1,queue_snapshot,,,,,,N_queue,0.0
3.0,1,queue_snapshot,,,,,,W_queue,0.0
3.0,1,class_snapshot,,,car,,,,3.0
3.0,1,class_snapshot,,,truck,,,,5.0
3.0,1,class_snapshot,,,class_5,,,,1.0
6.0,2,queue_snapshot,,,,,,S_queue,1.0
6.0,2,queue_snapshot,,,,,,E_queue,0.0
6.0,2,queue_snapshot,,,,,,N_queue,0.0
6.0,2,queue_snapshot,,,,,,W_queue,0.0
6.0,2,class_snapshot,,,car,,,,3.0
6.0,2,class_snapshot,,,truck,,,,8.0
6.0,2,class_snapshot,,,class_5,,,,1.0
9.0,3,queue_snapshot,,,,,,S_queue,2.0
9.0,3,queue_snapshot,,,,,,E_queue,0.0
9.0,3,queue_snapshot,,,,,,N_queue,0.0
9.0,3,queue_snapshot,,,,,,W_queue,0.0
9.0,3,class_snapshot,,,truck,,,,6.0
9.0,3,class_snapshot,,,car,,,,4.0
9.0,3,class_snapshot,,,class_5,,,,2.0
12.0,4,queue_snapshot,,,,,,S_queue,0.0
12.0,4,queue_snapshot,,,,,,E_queue,0.0
12.0,4,queue_snapshot,,,,,,N_queue,0.0
12.0,4,queue_snapshot,,,,,,W_queue,0.0
12.0,4,class_snapshot,,,truck,,,,5.0
12.0,4,class_snapshot,,,car,,,,3.0
12.0,4,class_snapshot,,,class_5,,,,3.0
15.0,5,queue_snapshot,,,,,,S_queue,0.0
15.0,5,queue_snapshot,,,,,,E_queue,0.0
15.0,5,queue_snapshot,,,,,,N_queue,0.0
15.0,5,queue_snapshot,,,,,,W_queue,0.0
15.0,5,class_snapshot,,,truck,,,,7.0
15.0,5,class_snapshot,,,class_5,,,,2.0
18.0,6,queue_snapshot,,,,,,S_queue,1.0
18.0,6,queue_snapshot,,,,,,E_queue,0.0
18.0,6,queue_snapshot,,,,,,N_queue,2.0
18.0,6,queue_snapshot,,,,,,W_queue,0.0
18.0,6,class_snapshot,,,truck,,,,10.0
21.0,7,queue_snapshot,,,,,,S_queue,1.0
21.0,7,queue_snapshot,,,,,,E_queue,0.0
21.0,7,queue_snapshot,,,,,,N_queue,2.0
21.0,7,queue_snapshot,,,,,,W_queue,0.0
21.0,7,class_snapshot,,,truck,,,,10.0
21.0,7,class_snapshot,,,class_5,,,,1.0
21.0,7,class_snapshot,,,car,,,,1.0
24.0,8,queue_snapshot,,,,,,S_queue,0.0
24.0,8,queue_snapshot,,,,,,E_queue,0.0
24.0,8,queue_snapshot,,,,,,N_queue,0.0
24.0,8,queue_snapshot,,,,,,W_queue,0.0
24.0,8,class_snapshot,,,truck,,,,8.0
24.0,8,class_snapshot,,,class_5,,,,1.0
27.0,9,queue_snapshot,,,,,,S_queue,1.0
27.0,9,queue_snapshot,,,,,,E_queue,0.0
27.0,9,queue_snapshot,,,,,,N_queue,0.0
27.0,9,queue_snapshot,,,,,,W_queue,0.0
27.0,9,class_snapshot,,,truck,,,,9.0
27.0,9,class_snapshot,,,class_5,,,,1.0
30.0,10,queue_snapshot,,,,,,S_queue,0.0
30.0,10,queue_snapshot,,,,,,E_queue,0.0
30.0,10,queue_snapshot,,,,,,N_queue,0.0
30.0,10,queue_snapshot,,,,,,W_queue,1.0
30.0,10,class_snapshot,,,truck,,,,7.0
30.0,10,class_snapshot,,,class_5,,,,1.0
33.0,11,queue_snapshot,,,,,,S_queue,0.0
33.0,11,queue_snapshot,,,,,,E_queue,0.0
33.0,11,queue_snapshot,,,,,,N_queue,0.0
33.0,11,queue_snapshot,,,,,,W_queue,1.0
33.0,11,class_snapshot,,,truck,,,,7.0
36.0,12,queue_snapshot,,,,,,S_queue,2.0
36.0,12,queue_snapshot,,,,,,E_queue,0.0
36.0,12,queue_snapshot,,,,,,N_queue,0.0
36.0,12,queue_snapshot,,,,,,W_queue,0.0
36.0,12,class_snapshot,,,car,,,,3.0
36.0,12,class_snapshot,,,truck,,,,4.0
39.0,13,queue_snapshot,,,,,,S_queue,0.0
39.0,13,queue_snapshot,,,,,,E_queue,0.0
39.0,13,queue_snapshot,,,,,,N_queue,0.0
39.0,13,queue_snapshot,,,,,,W_queue,0.0
39.0,13,class_snapshot,,,car,,,,3.0
39.0,13,class_snapshot,,,truck,,,,2.0
42.0,14,queue_snapshot,,,,,,S_queue,0.0
42.0,14,queue_snapshot,,,,,,E_queue,0.0
42.0,14,queue_snapshot,,,,,,N_queue,0.0
42.0,14,queue_snapshot,,,,,,W_queue,0.0
42.0,14,class_snapshot,,,car,,,,3.0
42.0,14,class_snapshot,,,truck,,,,4.0
42.0,14,class_snapshot,,,class_7,,,,1.0
42.0,14,class_snapshot,,,class_5,,,,1.0
45.0,15,flow_cross,W_in,35.0,truck,,,,
45.0,15,queue_snapshot,,,,,,S_queue,0.0
45.0,15,queue_snapshot,,,,,,E_queue,0.0
45.0,15,queue_snapshot,,,,,,N_queue,0.0
45.0,15,queue_snapshot,,,,,,W_queue,1.0
45.0,15,class_snapshot,,,truck,,,,5.0
45.0,15,class_snapshot,,,car,,,,2.0
45.0,15,class_snapshot,,,class_7,,,,1.0
48.0,16,queue_snapshot,,,,,,S_queue,1.0
48.0,16,queue_snapshot,,,,,,E_queue,0.0
48.0,16,queue_snapshot,,,,,,N_queue,0.0
48.0,16,queue_snapshot,,,,,,W_queue,0.0
48.0,16,class_snapshot,,,car,,,,3.0
48.0,16,class_snapshot,,,class_7,,,,2.0
48.0,16,class_snapshot,,,truck,,,,2.0
51.0,17,flow_cross,E_in,44.0,truck,,,,
51.0,17,queue_snapshot,,,,,,S_queue,0.0
51.0,17,queue_snapshot,,,,,,E_queue,0.0
51.0,17,queue_snapshot,,,,,,N_queue,0.0
51.0,17,queue_snapshot,,,,,,W_queue,1.0
51.0,17,class_snapshot,,,car,,,,3.0
51.0,17,class_snapshot,,,truck,,,,4.0
54.0,18,queue_snapshot,,,,,,S_queue,0.0
54.0,18,queue_snapshot,,,,,,E_queue,0.0
54.0,18,queue_snapshot,,,,,,N_queue,0.0
54.0,18,queue_snapshot,,,,,,W_queue,0.0
54.0,18,class_snapshot,,,truck,,,,3.0
54.0,18,class_snapshot,,,car,,,,3.0
57.0,19,queue_snapshot,,,,,,S_queue,0.0
57.0,19,queue_snapshot,,,,,,E_queue,0.0
57.0,19,queue_snapshot,,,,,,N_queue,0.0
57.0,19,queue_snapshot,,,,,,W_queue,0.0
57.0,19,class_snapshot,,,truck,,,,7.0
57.0,19,class_snapshot,,,car,,,,3.0
60.0,20,queue_snapshot,,,,,,S_queue,1.0
60.0,20,queue_snapshot,,,,,,E_queue,0.0
60.0,20,queue_snapshot,,,,,,N_queue,0.0
60.0,20,queue_snapshot,,,,,,W_queue,0.0
60.0,20,class_snapshot,,,truck,,,,6.0
60.0,20,class_snapshot,,,car,,,,5.0
63.0,21,queue_snapshot,,,,,,S_queue,0.0
63.0,21,queue_snapshot,,,,,,E_queue,0.0
63.0,21,queue_snapshot,,,,,,N_queue,0.0
63.0,21,queue_snapshot,,,,,,W_queue,0.0
63.0,21,class_snapshot,,,car,,,,4.0
63.0,21,class_snapshot,,,truck,,,,5.0
63.0,21,class_snapshot,,,class_7,,,,1.0
66.0,22,flow_cross,E_in,66.0,truck,,E_exit,,
66.0,22,queue_snapshot,,,,,,S_queue,0.0
66.0,22,queue_snapshot,,,,,,E_queue,0.0
66.0,22,queue_snapshot,,,,,,N_queue,0.0
66.0,22,queue_snapshot,,,,,,W_queue,0.0
66.0,22,class_snapshot,,,car,,,,4.0
66.0,22,class_snapshot,,,truck,,,,3.0
69.0,23,queue_snapshot,,,,,,S_queue,0.0
69.0,23,queue_snapshot,,,,,,E_queue,0.0
69.0,23,queue_snapshot,,,,,,N_queue,0.0
69.0,23,queue_snapshot,,,,,,W_queue,0.0
69.0,23,class_snapshot,,,car,,,,3.0
69.0,23,class_snapshot,,,class_5,,,,1.0
69.0,23,class_snapshot,,,truck,,,,4.0
72.0,24,queue_snapshot,,,,,,S_queue,0.0
72.0,24,queue_snapshot,,,,,,E_queue,0.0
72.0,24,queue_snapshot,,,,,,N_queue,0.0
72.0,24,queue_snapshot,,,,,,W_queue,0.0
72.0,24,class_snapshot,,,car,,,,3.0
72.0,24,class_snapshot,,,truck,,,,2.0
75.0,25,queue_snapshot,,,,,,S_queue,0.0
75.0,25,queue_snapshot,,,,,,E_queue,0.0
75.0,25,queue_snapshot,,,,,,N_queue,0.0
75.0,25,queue_snapshot,,,,,,W_queue,0.0
75.0,25,class_snapshot,,,truck,,,,5.0
78.0,26,queue_snapshot,,,,,,S_queue,0.0
78.0,26,queue_snapshot,,,,,,E_queue,0.0
78.0,26,queue_snapshot,,,,,,N_queue,0.0
78.0,26,queue_snapshot,,,,,,W_queue,0.0
78.0,26,class_snapshot,,,truck,,,,2.0
78.0,26,class_snapshot,,,class_5,,,,1.0
81.0,27,queue_snapshot,,,,,,S_queue,0.0
81.0,27,queue_snapshot,,,,,,E_queue,0.0
81.0,27,queue_snapshot,,,,,,N_queue,0.0
81.0,27,queue_snapshot,,,,,,W_queue,0.0
81.0,27,class_snapshot,,,truck,,,,2.0
81.0,27,class_snapshot,,,class_5,,,,1.0
84.0,28,queue_snapshot,,,,,,S_queue,0.0
84.0,28,queue_snapshot,,,,,,E_queue,0.0
84.0,28,queue_snapshot,,,,,,N_queue,0.0
84.0,28,queue_snapshot,,,,,,W_queue,1.0
84.0,28,class_snapshot,,,truck,,,,3.0
84.0,28,class_snapshot,,,class_5,,,,1.0
87.0,29,queue_snapshot,,,,,,S_queue,0.0
87.0,29,queue_snapshot,,,,,,E_queue,0.0
87.0,29,queue_snapshot,,,,,,N_queue,0.0
87.0,29,queue_snapshot,,,,,,W_queue,0.0
87.0,29,class_snapshot,,,truck,,,,5.0
87.0,29,class_snapshot,,,car,,,,1.0
87.0,29,class_snapshot,,,class_5,,,,1.0
90.0,30,queue_snapshot,,,,,,S_queue,1.0
90.0,30,queue_snapshot,,,,,,E_queue,0.0
90.0,30,queue_snapshot,,,,,,N_queue,0.0
90.0,30,queue_snapshot,,,,,,W_queue,0.0
90.0,30,class_snapshot,,,class_5,,,,1.0
90.0,30,class_snapshot,,,truck,,,,4.0
90.0,30,class_snapshot,,,car,,,,1.0
93.0,31,queue_snapshot,,,,,,S_queue,0.0
93.0,31,queue_snapshot,,,,,,E_queue,0.0
93.0,31,queue_snapshot,,,,,,N_queue,0.0
93.0,31,queue_snapshot,,,,,,W_queue,0.0
93.0,31,class_snapshot,,,truck,,,,2.0
93.0,31,class_snapshot,,,class_5,,,,1.0
93.0,31,class_snapshot,,,car,,,,1.0
96.0,32,queue_snapshot,,,,,,S_queue,3.0
96.0,32,queue_snapshot,,,,,,E_queue,1.0
96.0,32,queue_snapshot,,,,,,N_queue,0.0
96.0,32,queue_snapshot,,,,,,W_queue,0.0
96.0,32,class_snapshot,,,class_5,,,,2.0
96.0,32,class_snapshot,,,truck,,,,5.0
99.0,33,queue_snapshot,,,,,,S_queue,0.0
99.0,33,queue_snapshot,,,,,,E_queue,1.0
99.0,33,queue_snapshot,,,,,,N_queue,0.0
99.0,33,queue_snapshot,,,,,,W_queue,0.0
99.0,33,class_snapshot,,,class_5,,,,1.0
99.0,33,class_snapshot,,,class_7,,,,2.0
99.0,33,class_snapshot,,,truck,,,,2.0
102.0,34,queue_snapshot,,,,,,S_queue,0.0
102.0,34,queue_snapshot,,,,,,E_queue,1.0
102.0,34,queue_snapshot,,,,,,N_queue,0.0
102.0,34,queue_snapshot,,,,,,W_queue,0.0
102.0,34,class_snapshot,,,truck,,,,3.0
102.0,34,class_snapshot,,,class_5,,,,3.0
102.0,34,class_snapshot,,,class_7,,,,2.0
105.0,35,queue_snapshot,,,,,,S_queue,0.0
105.0,35,queue_snapshot,,,,,,E_queue,0.0
105.0,35,queue_snapshot,,,,,,N_queue,0.0
105.0,35,queue_snapshot,,,,,,W_queue,0.0
105.0,35,class_snapshot,,,class_5,,,,1.0
105.0,35,class_snapshot,,,truck,,,,4.0
105.0,35,class_snapshot,,,car,,,,1.0
108.0,36,queue_snapshot,,,,,,S_queue,0.0
108.0,36,queue_snapshot,,,,,,E_queue,0.0
108.0,36,queue_snapshot,,,,,,N_queue,1.0
108.0,36,queue_snapshot,,,,,,W_queue,0.0
108.0,36,class_snapshot,,,truck,,,,4.0
108.0,36,class_snapshot,,,class_5,,,,2.0
111.0,37,queue_snapshot,,,,,,S_queue,1.0
111.0,37,queue_snapshot,,,,,,E_queue,0.0
111.0,37,queue_snapshot,,,,,,N_queue,0.0
111.0,37,queue_snapshot,,,,,,W_queue,0.0
111.0,37,class_snapshot,,,truck,,,,4.0
111.0,37,class_snapshot,,,class_5,,,,2.0
111.0,37,class_snapshot,,,car,,,,1.0
114.0,38,queue_snapshot,,,,,,S_queue,0.0
114.0,38,queue_snapshot,,,,,,E_queue,1.0
114.0,38,queue_snapshot,,,,,,N_queue,1.0
114.0,38,queue_snapshot,,,,,,W_queue,0.0
114.0,38,class_snapshot,,,class_5,,,,1.0
114.0,38,class_snapshot,,,truck,,,,7.0
114.0,38,class_snapshot,,,car,,,,1.0
117.0,39,queue_snapshot,,,,,,S_queue,1.0
117.0,39,queue_snapshot,,,,,,E_queue,0.0
117.0,39,queue_snapshot,,,,,,N_queue,2.0
117.0,39,queue_snapshot,,,,,,W_queue,0.0
117.0,39,class_snapshot,,,class_5,,,,2.0
117.0,39,class_snapshot,,,truck,,,,6.0
117.0,39,class_snapshot,,,car,,,,1.0
120.0,40,queue_snapshot,,,,,,S_queue,0.0
120.0,40,queue_snapshot,,,,,,E_queue,1.0
120.0,40,queue_snapshot,,,,,,N_queue,2.0
120.0,40,queue_snapshot,,,,,,W_queue,0.0
120.0,40,class_snapshot,,,truck,,,,7.0
120.0,40,class_snapshot,,,class_7,,,,1.0
123.0,41,queue_snapshot,,,,,,S_queue,2.0
123.0,41,queue_snapshot,,,,,,E_queue,0.0
123.0,41,queue_snapshot,,,,,,N_queue,1.0
123.0,41,queue_snapshot,,,,,,W_queue,0.0
123.0,41,class_snapshot,,,truck,,,,7.0
123.0,41,class_snapshot,,,car,,,,3.0
126.0,42,queue_snapshot,,,,,,S_queue,1.0
126.0,42,queue_snapshot,,,,,,E_queue,1.0
126.0,42,queue_snapshot,,,,,,N_queue,0.0
126.0,42,queue_snapshot,,,,,,W_queue,1.0
126.0,42,class_snapshot,,,truck,,,,10.0
129.0,43,flow_cross,N_in,79.0,truck,,,,
129.0,43,queue_snapshot,,,,,,S_queue,2.0
129.0,43,queue_snapshot,,,,,,E_queue,0.0
129.0,43,queue_snapshot,,,,,,N_queue,0.0
129.0,43,queue_snapshot,,,,,,W_queue,1.0
129.0,43,class_snapshot,,,truck,,,,13.0
132.0,44,queue_snapshot,,,,,,S_queue,1.0
132.0,44,queue_snapshot,,,,,,E_queue,0.0
132.0,44,queue_snapshot,,,,,,N_queue,0.0
132.0,44,queue_snapshot,,,,,,W_queue,0.0
132.0,44,class_snapshot,,,truck,,,,5.0
135.0,45,queue_snapshot,,,,,,S_queue,2.0
135.0,45,queue_snapshot,,,,,,E_queue,0.0
135.0,45,queue_snapshot,,,,,,N_queue,0.0
135.0,45,queue_snapshot,,,,,,W_queue,1.0
135.0,45,class_snapshot,,,truck,,,,11.0
138.0,46,queue_snapshot,,,,,,S_queue,2.0
138.0,46,queue_snapshot,,,,,,E_queue,0.0
138.0,46,queue_snapshot,,,,,,N_queue,0.0
138.0,46,queue_snapshot,,,,,,W_queue,0.0
138.0,46,class_snapshot,,,truck,,,,7.0
138.0,46,class_snapshot,,,car,,,,2.0
141.0,47,queue_snapshot,,,,,,S_queue,2.0
141.0,47,queue_snapshot,,,,,,E_queue,0.0
141.0,47,queue_snapshot,,,,,,N_queue,0.0
141.0,47,queue_snapshot,,,,,,W_queue,0.0
141.0,47,class_snapshot,,,class_5,,,,1.0
141.0,47,class_snapshot,,,truck,,,,8.0
144.0,48,queue_snapshot,,,,,,S_queue,2.0
144.0,48,queue_snapshot,,,,,,E_queue,0.0
144.0,48,queue_snapshot,,,,,,N_queue,0.0
144.0,48,queue_snapshot,,,,,,W_queue,1.0
144.0,48,class_snapshot,,,truck,,,,9.0
144.0,48,class_snapshot,,,class_5,,,,2.0
147.0,49,queue_snapshot,,,,,,S_queue,2.0
147.0,49,queue_snapshot,,,,,,E_queue,0.0
147.0,49,queue_snapshot,,,,,,N_queue,0.0
147.0,49,queue_snapshot,,,,,,W_queue,1.0
147.0,49,class_snapshot,,,truck,,,,9.0
147.0,49,class_snapshot,,,class_5,,,,1.0
150.0,50,queue_snapshot,,,,,,S_queue,2.0
150.0,50,queue_snapshot,,,,,,E_queue,0.0
150.0,50,queue_snapshot,,,,,,N_queue,0.0
150.0,50,queue_snapshot,,,,,,W_queue,1.0
150.0,50,class_snapshot,,,truck,,,,12.0
150.0,50,class_snapshot,,,class_5,,,,1.0
150.0,50,class_snapshot,,,car,,,,1.0
150.0,50,class_snapshot,,,class_9,,,,1.0
153.0,51,queue_snapshot,,,,,,S_queue,2.0
153.0,51,queue_snapshot,,,,,,E_queue,0.0
153.0,51,queue_snapshot,,,,,,N_queue,0.0
153.0,51,queue_snapshot,,,,,,W_queue,1.0
153.0,51,class_snapshot,,,truck,,,,11.0
156.0,52,queue_snapshot,,,,,,S_queue,2.0
156.0,52,queue_snapshot,,,,,,E_queue,0.0
156.0,52,queue_snapshot,,,,,,N_queue,0.0
156.0,52,queue_snapshot,,,,,,W_queue,1.0
156.0,52,class_snapshot,,,truck,,,,7.0
156.0,52,class_snapshot,,,car,,,,1.0
159.0,53,queue_snapshot,,,,,,S_queue,2.0
159.0,53,queue_snapshot,,,,,,E_queue,0.0
159.0,53,queue_snapshot,,,,,,N_queue,0.0
159.0,53,queue_snapshot,,,,,,W_queue,1.0
159.0,53,class_snapshot,,,class_5,,,,1.0
159.0,53,class_snapshot,,,truck,,,,6.0
159.0,53,class_snapshot,,,car,,,,3.0
162.0,54,queue_snapshot,,,,,,S_queue,2.0
162.0,54,queue_snapshot,,,,,,E_queue,0.0
162.0,54,queue_snapshot,,,,,,N_queue,0.0
162.0,54,queue_snapshot,,,,,,W_queue,1.0
162.0,54,class_snapshot,,,class_5,,,,1.0
162.0,54,class_snapshot,,,truck,,,,7.0
165.0,55,queue_snapshot,,,,,,S_queue,2.0
165.0,55,queue_snapshot,,,,,,E_queue,0.0
165.0,55,queue_snapshot,,,,,,N_queue,0.0
165.0,55,queue_snapshot,,,,,,W_queue,1.0
165.0,55,class_snapshot,,,truck,,,,9.0
168.0,56,queue_snapshot,,,,,,S_queue,2.0
168.0,56,queue_snapshot,,,,,,E_queue,1.0
168.0,56,queue_snapshot,,,,,,N_queue,0.0
168.0,56,queue_snapshot,,,,,,W_queue,1.0
168.0,56,class_snapshot,,,truck,,,,8.0
171.0,57,queue_snapshot,,,,,,S_queue,2.0
171.0,57,queue_snapshot,,,,,,E_queue,0.0
171.0,57,queue_snapshot,,,,,,N_queue,0.0
171.0,57,queue_snapshot,,,,,,W_queue,1.0
171.0,57,class_snapshot,,,truck,,,,7.0
174.0,58,queue_snapshot,,,,,,S_queue,4.0
174.0,58,queue_snapshot,,,,,,E_queue,0.0
174.0,58,queue_snapshot,,,,,,N_queue,0.0
174.0,58,queue_snapshot,,,,,,W_queue,1.0
174.0,58,class_snapshot,,,car,,,,2.0
174.0,58,class_snapshot,,,truck,,,,8.0
177.0,59,queue_snapshot,,,,,,S_queue,2.0
177.0,59,queue_snapshot,,,,,,E_queue,0.0
177.0,59,queue_snapshot,,,,,,N_queue,0.0
177.0,59,queue_snapshot,,,,,,W_queue,0.0
177.0,59,class_snapshot,,,truck,,,,6.0
177.0,59,class_snapshot,,,car,,,,2.0
180.0,60,queue_snapshot,,,,,,S_queue,4.0
180.0,60,queue_snapshot,,,,,,E_queue,0.0
180.0,60,queue_snapshot,,,,,,N_queue,0.0
180.0,60,queue_snapshot,,,,,,W_queue,1.0
180.0,60,class_snapshot,,,truck,,,,8.0
183.0,61,queue_snapshot,,,,,,S_queue,2.0
183.0,61,queue_snapshot,,,,,,E_queue,1.0
183.0,61,queue_snapshot,,,,,,N_queue,0.0
183.0,61,queue_snapshot,,,,,,W_queue,0.0
183.0,61,class_snapshot,,,truck,,,,8.0
183.0,61,class_snapshot,,,car,,,,2.0
186.0,62,queue_snapshot,,,,,,S_queue,2.0
186.0,62,queue_snapshot,,,,,,E_queue,0.0
186.0,62,queue_snapshot,,,,,,N_queue,0.0
186.0,62,queue_snapshot,,,,,,W_queue,0.0
186.0,62,class_snapshot,,,truck,,,,6.0
189.0,63,queue_snapshot,,,,,,S_queue,2.0
189.0,63,queue_snapshot,,,,,,E_queue,0.0
189.0,63,queue_snapshot,,,,,,N_queue,0.0
189.0,63,queue_snapshot,,,,,,W_queue,0.0
189.0,63,class_snapshot,,,truck,,,,5.0
189.0,63,class_snapshot,,,car,,,,1.0
192.0,64,queue_snapshot,,,,,,S_queue,2.0
192.0,64,queue_snapshot,,,,,,E_queue,0.0
192.0,64,queue_snapshot,,,,,,N_queue,0.0
192.0,64,queue_snapshot,,,,,,W_queue,0.0
192.0,64,class_snapshot,,,truck,,,,4.0
192.0,64,class_snapshot,,,car,,,,2.0
192.0,64,class_snapshot,,,class_7,,,,1.0
195.0,65,queue_snapshot,,,,,,S_queue,2.0
195.0,65,queue_snapshot,,,,,,E_queue,0.0
195.0,65,queue_snapshot,,,,,,N_queue,0.0
195.0,65,queue_snapshot,,,,,,W_queue,0.0
195.0,65,class_snapshot,,,truck,,,,4.0
195.0,65,class_snapshot,,,car,,,,1.0
198.0,66,queue_snapshot,,,,,,S_queue,4.0
198.0,66,queue_snapshot,,,,,,E_queue,0.0
198.0,66,queue_snapshot,,,,,,N_queue,0.0
198.0,66,queue_snapshot,,,,,,W_queue,0.0
198.0,66,class_snapshot,,,truck,,,,7.0
198.0,66,class_snapshot,,,car,,,,1.0
201.0,67,queue_snapshot,,,,,,S_queue,2.0
201.0,67,queue_snapshot,,,,,,E_queue,0.0
201.0,67,queue_snapshot,,,,,,N_queue,0.0
201.0,67,queue_snapshot,,,,,,W_queue,0.0
201.0,67,class_snapshot,,,truck,,,,5.0
201.0,67,class_snapshot,,,car,,,,1.0
204.0,68,queue_snapshot,,,,,,S_queue,2.0
204.0,68,queue_snapshot,,,,,,E_queue,0.0
204.0,68,queue_snapshot,,,,,,N_queue,0.0
204.0,68,queue_snapshot,,,,,,W_queue,1.0
204.0,68,class_snapshot,,,truck,,,,10.0
207.0,69,flow_cross,S_in,173.0,truck,S_entry,,,
207.0,69,queue_snapshot,,,,,,S_queue,1.0
207.0,69,queue_snapshot,,,,,,E_queue,0.0
207.0,69,queue_snapshot,,,,,,N_queue,0.0
207.0,69,queue_snapshot,,,,,,W_queue,1.0
207.0,69,class_snapshot,,,truck,,,,11.0
210.0,70,queue_snapshot,,,,,,S_queue,1.0
210.0,70,queue_snapshot,,,,,,E_queue,0.0
210.0,70,queue_snapshot,,,,,,N_queue,0.0
210.0,70,queue_snapshot,,,,,,W_queue,1.0
210.0,70,class_snapshot,,,truck,,,,12.0
213.0,71,queue_snapshot,,,,,,S_queue,2.0
213.0,71,queue_snapshot,,,,,,E_queue,0.0
213.0,71,queue_snapshot,,,,,,N_queue,0.0
213.0,71,queue_snapshot,,,,,,W_queue,1.0
213.0,71,class_snapshot,,,truck,,,,11.0
213.0,71,class_snapshot,,,car,,,,1.0
216.0,72,flow_cross,S_in,119.0,truck,S_entry,,,
216.0,72,queue_snapshot,,,,,,S_queue,0.0
216.0,72,queue_snapshot,,,,,,E_queue,0.0
216.0,72,queue_snapshot,,,,,,N_queue,1.0
216.0,72,queue_snapshot,,,,,,W_queue,3.0
216.0,72,class_snapshot,,,truck,,,,13.0
216.0,72,class_snapshot,,,car,,,,1.0
219.0,73,flow_cross,S_in,180.0,truck,S_entry,,,
219.0,73,queue_snapshot,,,,,,S_queue,1.0
219.0,73,queue_snapshot,,,,,,E_queue,0.0
219.0,73,queue_snapshot,,,,,,N_queue,2.0
219.0,73,queue_snapshot,,,,,,W_queue,0.0
219.0,73,class_snapshot,,,truck,,,,12.0
219.0,73,class_snapshot,,,class_9,,,,1.0
222.0,74,queue_snapshot,,,,,,S_queue,1.0
222.0,74,queue_snapshot,,,,,,E_queue,0.0
222.0,74,queue_snapshot,,,,,,N_queue,0.0
222.0,74,queue_snapshot,,,,,,W_queue,0.0
222.0,74,class_snapshot,,,truck,,,,9.0
225.0,75,queue_snapshot,,,,,,S_queue,1.0
225.0,75,queue_snapshot,,,,,,E_queue,0.0
225.0,75,queue_snapshot,,,,,,N_queue,1.0
225.0,75,queue_snapshot,,,,,,W_queue,0.0
225.0,75,class_snapshot,,,truck,,,,9.0
225.0,75,class_snapshot,,,car,,,,1.0
225.0,75,class_snapshot,,,class_9,,,,1.0
228.0,76,queue_snapshot,,,,,,S_queue,1.0
228.0,76,queue_snapshot,,,,,,E_queue,0.0
228.0,76,queue_snapshot,,,,,,N_queue,0.0
228.0,76,queue_snapshot,,,,,,W_queue,0.0
228.0,76,class_snapshot,,,truck,,,,7.0
228.0,76,class_snapshot,,,car,,,,1.0
231.0,77,queue_snapshot,,,,,,S_queue,0.0
231.0,77,queue_snapshot,,,,,,E_queue,0.0
231.0,77,queue_snapshot,,,,,,N_queue,0.0
231.0,77,queue_snapshot,,,,,,W_queue,0.0
231.0,77,class_snapshot,,,truck,,,,7.0
231.0,77,class_snapshot,,,car,,,,3.0
234.0,78,queue_snapshot,,,,,,S_queue,1.0
234.0,78,queue_snapshot,,,,,,E_queue,0.0
234.0,78,queue_snapshot,,,,,,N_queue,0.0
234.0,78,queue_snapshot,,,,,,W_queue,1.0
234.0,78,class_snapshot,,,truck,,,,7.0
234.0,78,class_snapshot,,,car,,,,2.0
237.0,79,queue_snapshot,,,,,,S_queue,1.0
237.0,79,queue_snapshot,,,,,,E_queue,0.0
237.0,79,queue_snapshot,,,,,,N_queue,0.0
237.0,79,queue_snapshot,,,,,,W_queue,2.0
237.0,79,class_snapshot,,,truck,,,,7.0
237.0,79,class_snapshot,,,car,,,,2.0
240.0,80,flow_cross,E_in,110.0,truck,,E_exit,,
240.0,80,queue_snapshot,,,,,,S_queue,1.0
240.0,80,queue_snapshot,,,,,,E_queue,0.0
240.0,80,queue_snapshot,,,,,,N_queue,0.0
240.0,80,queue_snapshot,,,,,,W_queue,1.0
240.0,80,class_snapshot,,,truck,,,,6.0
240.0,80,class_snapshot,,,car,,,,3.0
243.0,81,flow_cross,S_in,202.0,car,S_entry,,,
243.0,81,flow_cross,E_in,192.0,truck,,,,
243.0,81,queue_snapshot,,,,,,S_queue,1.0
243.0,81,queue_snapshot,,,,,,E_queue,2.0
243.0,81,queue_snapshot,,,,,,N_queue,0.0
243.0,81,queue_snapshot,,,,,,W_queue,1.0
243.0,81,class_snapshot,,,truck,,,,8.0
243.0,81,class_snapshot,,,car,,,,2.0
243.0,81,class_snapshot,,,class_5,,,,1.0
246.0,82,queue_snapshot,,,,,,S_queue,1.0
246.0,82,queue_snapshot,,,,,,E_queue,0.0
246.0,82,queue_snapshot,,,,,,N_queue,0.0
246.0,82,queue_snapshot,,,,,,W_queue,0.0
246.0,82,class_snapshot,,,truck,,,,3.0
246.0,82,class_snapshot,,,car,,,,2.0
249.0,83,queue_snapshot,,,,,,S_queue,1.0
249.0,83,queue_snapshot,,,,,,E_queue,0.0
249.0,83,queue_snapshot,,,,,,N_queue,0.0
249.0,83,queue_snapshot,,,,,,W_queue,0.0
249.0,83,class_snapshot,,,truck,,,,5.0
249.0,83,class_snapshot,,,car,,,,7.0
249.0,83,class_snapshot,,,class_5,,,,1.0
249.0,83,class_snapshot,,,class_7,,,,1.0
249.0,83,class_snapshot,,,class_9,,,,1.0
252.0,84,queue_snapshot,,,,,,S_queue,1.0
252.0,84,queue_snapshot,,,,,,E_queue,0.0
252.0,84,queue_snapshot,,,,,,N_queue,0.0
252.0,84,queue_snapshot,,,,,,W_queue,0.0
252.0,84,class_snapshot,,,truck,,,,8.0
252.0,84,class_snapshot,,,car,,,,1.0
255.0,85,queue_snapshot,,,,,,S_queue,1.0
255.0,85,queue_snapshot,,,,,,E_queue,0.0
255.0,85,queue_snapshot,,,,,,N_queue,0.0
255.0,85,queue_snapshot,,,,,,W_queue,0.0
255.0,85,class_snapshot,,,truck,,,,6.0
258.0,86,queue_snapshot,,,,,,S_queue,1.0
258.0,86,queue_snapshot,,,,,,E_queue,0.0
258.0,86,queue_snapshot,,,,,,N_queue,0.0
258.0,86,queue_snapshot,,,,,,W_queue,0.0
258.0,86,class_snapshot,,,truck,,,,5.0
261.0,87,queue_snapshot,,,,,,S_queue,1.0
261.0,87,queue_snapshot,,,,,,E_queue,0.0
261.0,87,queue_snapshot,,,,,,N_queue,0.0
261.0,87,queue_snapshot,,,,,,W_queue,0.0
261.0,87,class_snapshot,,,truck,,,,4.0
264.0,88,queue_snapshot,,,,,,S_queue,3.0
264.0,88,queue_snapshot,,,,,,E_queue,0.0
264.0,88,queue_snapshot,,,,,,N_queue,0.0
264.0,88,queue_snapshot,,,,,,W_queue,0.0
264.0,88,class_snapshot,,,truck,,,,5.0
264.0,88,class_snapshot,,,car,,,,1.0
264.0,88,class_snapshot,,,class_9,,,,1.0
264.0,88,class_snapshot,,,class_5,,,,1.0
267.0,89,queue_snapshot,,,,,,S_queue,3.0
267.0,89,queue_snapshot,,,,,,E_queue,0.0
267.0,89,queue_snapshot,,,,,,N_queue,0.0
267.0,89,queue_snapshot,,,,,,W_queue,0.0
267.0,89,class_snapshot,,,truck,,,,5.0
267.0,89,class_snapshot,,,class_5,,,,2.0
270.0,90,queue_snapshot,,,,,,S_queue,3.0
270.0,90,queue_snapshot,,,,,,E_queue,0.0
270.0,90,queue_snapshot,,,,,,N_queue,0.0
270.0,90,queue_snapshot,,,,,,W_queue,0.0
270.0,90,class_snapshot,,,truck,,,,6.0
273.0,91,queue_snapshot,,,,,,S_queue,2.0
273.0,91,queue_snapshot,,,,,,E_queue,0.0
273.0,91,queue_snapshot,,,,,,N_queue,0.0
273.0,91,queue_snapshot,,,,,,W_queue,0.0
273.0,91,class_snapshot,,,truck,,,,4.0
273.0,91,class_snapshot,,,class_7,,,,1.0
273.0,91,class_snapshot,,,class_5,,,,1.0
276.0,92,queue_snapshot,,,,,,S_queue,3.0
276.0,92,queue_snapshot,,,,,,E_queue,1.0
276.0,92,queue_snapshot,,,,,,N_queue,0.0
276.0,92,queue_snapshot,,,,,,W_queue,0.0
276.0,92,class_snapshot,,,truck,,,,5.0
276.0,92,class_snapshot,,,car,,,,2.0
276.0,92,class_snapshot,,,class_5,,,,1.0
279.0,93,queue_snapshot,,,,,,S_queue,3.0
279.0,93,queue_snapshot,,,,,,E_queue,0.0
279.0,93,queue_snapshot,,,,,,N_queue,0.0
279.0,93,queue_snapshot,,,,,,W_queue,0.0
279.0,93,class_snapshot,,,truck,,,,5.0
279.0,93,class_snapshot,,,car,,,,3.0
279.0,93,class_snapshot,,,class_5,,,,1.0
282.0,94,queue_snapshot,,,,,,S_queue,3.0
282.0,94,queue_snapshot,,,,,,E_queue,0.0
282.0,94,queue_snapshot,,,,,,N_queue,0.0
282.0,94,queue_snapshot,,,,,,W_queue,0.0
282.0,94,class_snapshot,,,truck,,,,4.0
282.0,94,class_snapshot,,,car,,,,1.0
282.0,94,class_snapshot,,,class_5,,,,1.0
285.0,95,queue_snapshot,,,,,,S_queue,3.0
285.0,95,queue_snapshot,,,,,,E_queue,0.0
285.0,95,queue_snapshot,,,,,,N_queue,0.0
285.0,95,queue_snapshot,,,,,,W_queue,0.0
285.0,95,class_snapshot,,,truck,,,,4.0
285.0,95,class_snapshot,,,car,,,,3.0
285.0,95,class_snapshot,,,class_5,,,,2.0
288.0,96,flow_cross,W_in,237.0,truck,,,,
288.0,96,queue_snapshot,,,,,,S_queue,3.0
288.0,96,queue_snapshot,,,,,,E_queue,0.0
288.0,96,queue_snapshot,,,,,,N_queue,0.0
288.0,96,queue_snapshot,,,,,,W_queue,0.0
288.0,96,class_snapshot,,,truck,,,,6.0
288.0,96,class_snapshot,,,class_5,,,,1.0
288.0,96,class_snapshot,,,car,,,,4.0
291.0,97,queue_snapshot,,,,,,S_queue,2.0
291.0,97,queue_snapshot,,,,,,E_queue,1.0
291.0,97,queue_snapshot,,,,,,N_queue,0.0
291.0,97,queue_snapshot,,,,,,W_queue,0.0
291.0,97,class_snapshot,,,car,,,,5.0
291.0,97,class_snapshot,,,truck,,,,4.0
291.0,97,class_snapshot,,,class_5,,,,1.0
291.0,97,class_snapshot,,,class_7,,,,1.0
294.0,98,queue_snapshot,,,,,,S_queue,3.0
294.0,98,queue_snapshot,,,,,,E_queue,1.0
294.0,98,queue_snapshot,,,,,,N_queue,0.0
294.0,98,queue_snapshot,,,,,,W_queue,0.0
294.0,98,class_snapshot,,,truck,,,,6.0
294.0,98,class_snapshot,,,car,,,,3.0
297.0,99,queue_snapshot,,,,,,S_queue,2.0
297.0,99,queue_snapshot,,,,,,E_queue,0.0
297.0,99,queue_snapshot,,,,,,N_queue,0.0
297.0,99,queue_snapshot,,,,,,W_queue,0.0
297.0,99,class_snapshot,,,truck,,,,4.0
297.0,99,class_snapshot,,,class_5,,,,1.0
297.0,99,class_snapshot,,,car,,,,3.0
300.0,100,queue_snapshot,,,,,,S_queue,1.0
300.0,100,queue_snapshot,,,,,,E_queue,0.0
300.0,100,queue_snapshot,,,,,,N_queue,0.0
300.0,100,queue_snapshot,,,,,,W_queue,0.0
300.0,100,class_snapshot,,,truck,,,,2.0
300.0,100,class_snapshot,,,class_5,,,,1.0
300.0,100,class_snapshot,,,class_7,,,,1.0
300.0,100,class_snapshot,,,car,,,,3.0
303.0,101,queue_snapshot,,,,,,S_queue,2.0
303.0,101,queue_snapshot,,,,,,E_queue,0.0
303.0,101,queue_snapshot,,,,,,N_queue,0.0
303.0,101,queue_snapshot,,,,,,W_queue,0.0
303.0,101,class_snapshot,,,truck,,,,5.0
303.0,101,class_snapshot,,,car,,,,3.0
303.0,101,class_snapshot,,,class_5,,,,2.0
306.0,102,queue_snapshot,,,,,,S_queue,1.0
306.0,102,queue_snapshot,,,,,,E_queue,1.0
306.0,102,queue_snapshot,,,,,,N_queue,2.0
306.0,102,queue_snapshot,,,,,,W_queue,0.0
306.0,102,class_snapshot,,,truck,,,,11.0
306.0,102,class_snapshot,,,car,,,,2.0
306.0,102,class_snapshot,,,class_5,,,,1.0
309.0,103,flow_cross,E_in,211.0,class_5,E_entry,,,
309.0,103,queue_snapshot,,,,,,S_queue,0.0
309.0,103,queue_snapshot,,,,,,E_queue,0.0
309.0,103,queue_snapshot,,,,,,N_queue,2.0
309.0,103,queue_snapshot,,,,,,W_queue,0.0
309.0,103,class_snapshot,,,truck,,,,9.0
309.0,103,class_snapshot,,,class_9,,,,1.0
309.0,103,class_snapshot,,,car,,,,1.0
309.0,103,class_snapshot,,,class_5,,,,2.0
312.0,104,queue_snapshot,,,,,,S_queue,0.0
312.0,104,queue_snapshot,,,,,,E_queue,0.0
312.0,104,queue_snapshot,,,,,,N_queue,0.0
312.0,104,queue_snapshot,,,,,,W_queue,0.0
312.0,104,class_snapshot,,,truck,,,,9.0
312.0,104,class_snapshot,,,car,,,,1.0
312.0,104,class_snapshot,,,class_5,,,,1.0
315.0,105,queue_snapshot,,,,,,S_queue,1.0
315.0,105,queue_snapshot,,,,,,E_queue,0.0
315.0,105,queue_snapshot,,,,,,N_queue,0.0
315.0,105,queue_snapshot,,,,,,W_queue,0.0
315.0,105,class_snapshot,,,truck,,,,9.0
315.0,105,class_snapshot,,,class_5,,,,1.0
315.0,105,class_snapshot,,,car,,,,1.0
318.0,106,queue_snapshot,,,,,,S_queue,1.0
318.0,106,queue_snapshot,,,,,,E_queue,0.0
318.0,106,queue_snapshot,,,,,,N_queue,0.0
318.0,106,queue_snapshot,,,,,,W_queue,0.0
318.0,106,class_snapshot,,,truck,,,,10.0
318.0,106,class_snapshot,,,class_5,,,,1.0
318.0,106,class_snapshot,,,car,,,,2.0
321.0,107,queue_snapshot,,,,,,S_queue,1.0
321.0,107,queue_snapshot,,,,,,E_queue,0.0
321.0,107,queue_snapshot,,,,,,N_queue,0.0
321.0,107,queue_snapshot,,,,,,W_queue,0.0
321.0,107,class_snapshot,,,truck,,,,8.0
321.0,107,class_snapshot,,,car,,,,1.0
321.0,107,class_snapshot,,,class_5,,,,1.0
324.0,108,flow_cross,N_in,264.0,truck,,,,
324.0,108,queue_snapshot,,,,,,S_queue,1.0
324.0,108,queue_snapshot,,,,,,E_queue,0.0
324.0,108,queue_snapshot,,,,,,N_queue,0.0
324.0,108,queue_snapshot,,,,,,W_queue,0.0
324.0,108,class_snapshot,,,truck,,,,6.0
324.0,108,class_snapshot,,,car,,,,2.0
324.0,108,class_snapshot,,,class_5,,,,1.0
327.0,109,queue_snapshot,,,,,,S_queue,1.0
327.0,109,queue_snapshot,,,,,,E_queue,1.0
327.0,109,queue_snapshot,,,,,,N_queue,0.0
327.0,109,queue_snapshot,,,,,,W_queue,0.0
327.0,109,class_snapshot,,,truck,,,,6.0
327.0,109,class_snapshot,,,class_5,,,,3.0
330.0,110,queue_snapshot,,,,,,S_queue,0.0
330.0,110,queue_snapshot,,,,,,E_queue,1.0
330.0,110,queue_snapshot,,,,,,N_queue,0.0
330.0,110,queue_snapshot,,,,,,W_queue,0.0
330.0,110,class_snapshot,,,class_5,,,,1.0
330.0,110,class_snapshot,,,truck,,,,6.0
330.0,110,class_snapshot,,,car,,,,2.0
333.0,111,queue_snapshot,,,,,,S_queue,0.0
333.0,111,queue_snapshot,,,,,,E_queue,0.0
333.0,111,queue_snapshot,,,,,,N_queue,0.0
333.0,111,queue_snapshot,,,,,,W_queue,0.0
333.0,111,class_snapshot,,,truck,,,,4.0
333.0,111,class_snapshot,,,car,,,,1.0
336.0,112,queue_snapshot,,,,,,S_queue,1.0
336.0,112,queue_snapshot,,,,,,E_queue,1.0
336.0,112,queue_snapshot,,,,,,N_queue,0.0
336.0,112,queue_snapshot,,,,,,W_queue,1.0
336.0,112,class_snapshot,,,truck,,,,8.0
336.0,112,class_snapshot,,,car,,,,2.0
336.0,112,class_snapshot,,,class_5,,,,1.0
339.0,113,flow_cross,S_in,232.0,car,,,,
339.0,113,queue_snapshot,,,,,,S_queue,2.0
339.0,113,queue_snapshot,,,,,,E_queue,0.0
339.0,113,queue_snapshot,,,,,,N_queue,0.0
339.0,113,queue_snapshot,,,,,,W_queue,2.0
339.0,113,class_snapshot,,,truck,,,,7.0
339.0,113,class_snapshot,,,class_5,,,,1.0
339.0,113,class_snapshot,,,car,,,,2.0
342.0,114,queue_snapshot,,,,,,S_queue,2.0
342.0,114,queue_snapshot,,,,,,E_queue,1.0
342.0,114,queue_snapshot,,,,,,N_queue,0.0
342.0,114,queue_snapshot,,,,,,W_queue,0.0
342.0,114,class_snapshot,,,truck,,,,6.0
342.0,114,class_snapshot,,,car,,,,3.0
342.0,114,class_snapshot,,,class_5,,,,1.0
345.0,115,flow_cross,S_in,288.0,car,S_entry,,,
345.0,115,queue_snapshot,,,,,,S_queue,2.0
345.0,115,queue_snapshot,,,,,,E_queue,1.0
345.0,115,queue_snapshot,,,,,,N_queue,0.0
345.0,115,queue_snapshot,,,,,,W_queue,1.0
345.0,115,class_snapshot,,,truck,,,,6.0
345.0,115,class_snapshot,,,car,,,,1.0
348.0,116,queue_snapshot,,,,,,S_queue,2.0
348.0,116,queue_snapshot,,,,,,E_queue,1.0
348.0,116,queue_snapshot,,,,,,N_queue,0.0
348.0,116,queue_snapshot,,,,,,W_queue,1.0
348.0,116,class_snapshot,,,truck,,,,7.0
348.0,116,class_snapshot,,,car,,,,1.0
351.0,117,queue_snapshot,,,,,,S_queue,2.0
351.0,117,queue_snapshot,,,,,,E_queue,0.0
351.0,117,queue_snapshot,,,,,,N_queue,0.0
351.0,117,queue_snapshot,,,,,,W_queue,1.0
351.0,117,class_snapshot,,,truck,,,,4.0
351.0,117,class_snapshot,,,car,,,,2.0
351.0,117,class_snapshot,,,class_9,,,,1.0
354.0,118,queue_snapshot,,,,,,S_queue,2.0
354.0,118,queue_snapshot,,,,,,E_queue,0.0
354.0,118,queue_snapshot,,,,,,N_queue,0.0
354.0,118,queue_snapshot,,,,,,W_queue,1.0
354.0,118,class_snapshot,,,truck,,,,7.0
354.0,118,class_snapshot,,,car,,,,1.0
357.0,119,queue_snapshot,,,,,,S_queue,2.0
357.0,119,queue_snapshot,,,,,,E_queue,0.0
357.0,119,queue_snapshot,,,,,,N_queue,0.0
357.0,119,queue_snapshot,,,,,,W_queue,1.0
357.0,119,class_snapshot,,,truck,,,,9.0
357.0,119,class_snapshot,,,car,,,,1.0
360.0,120,queue_snapshot,,,,,,S_queue,2.0
360.0,120,queue_snapshot,,,,,,E_queue,0.0
360.0,120,queue_snapshot,,,,,,N_queue,0.0
360.0,120,queue_snapshot,,,,,,W_queue,1.0
360.0,120,class_snapshot,,,truck,,,,7.0
363.0,121,queue_snapshot,,,,,,S_queue,2.0
363.0,121,queue_snapshot,,,,,,E_queue,1.0
363.0,121,queue_snapshot,,,,,,N_queue,0.0
363.0,121,queue_snapshot,,,,,,W_queue,0.0
363.0,121,class_snapshot,,,truck,,,,5.0
363.0,121,class_snapshot,,,car,,,,1.0
363.0,121,class_snapshot,,,class_5,,,,1.0
366.0,122,queue_snapshot,,,,,,S_queue,2.0
366.0,122,queue_snapshot,,,,,,E_queue,0.0
366.0,122,queue_snapshot,,,,,,N_queue,0.0
366.0,122,queue_snapshot,,,,,,W_queue,1.0
366.0,122,class_snapshot,,,car,,,,2.0
366.0,122,class_snapshot,,,truck,,,,3.0
369.0,123,queue_snapshot,,,,,,S_queue,2.0
369.0,123,queue_snapshot,,,,,,E_queue,0.0
369.0,123,queue_snapshot,,,,,,N_queue,0.0
369.0,123,queue_snapshot,,,,,,W_queue,1.0
369.0,123,class_snapshot,,,car,,,,2.0
369.0,123,class_snapshot,,,truck,,,,6.0
372.0,124,queue_snapshot,,,,,,S_queue,2.0
372.0,124,queue_snapshot,,,,,,E_queue,0.0
372.0,124,queue_snapshot,,,,,,N_queue,0.0
372.0,124,queue_snapshot,,,,,,W_queue,0.0
372.0,124,class_snapshot,,,truck,,,,4.0
375.0,125,queue_snapshot,,,,,,S_queue,2.0
375.0,125,queue_snapshot,,,,,,E_queue,0.0
375.0,125,queue_snapshot,,,,,,N_queue,0.0
375.0,125,queue_snapshot,,,,,,W_queue,1.0
375.0,125,class_snapshot,,,truck,,,,5.0
375.0,125,class_snapshot,,,car,,,,1.0
378.0,126,queue_snapshot,,,,,,S_queue,1.0
378.0,126,queue_snapshot,,,,,,E_queue,0.0
378.0,126,queue_snapshot,,,,,,N_queue,0.0
378.0,126,queue_snapshot,,,,,,W_queue,1.0
378.0,126,class_snapshot,,,truck,,,,4.0
378.0,126,class_snapshot,,,car,,,,1.0
381.0,127,queue_snapshot,,,,,,S_queue,1.0
381.0,127,queue_snapshot,,,,,,E_queue,0.0
381.0,127,queue_snapshot,,,,,,N_queue,0.0
381.0,127,queue_snapshot,,,,,,W_queue,0.0
381.0,127,class_snapshot,,,truck,,,,4.0
381.0,127,class_snapshot,,,car,,,,1.0
384.0,128,flow_cross,E_in,287.0,truck,,,,
384.0,128,queue_snapshot,,,,,,S_queue,2.0
384.0,128,queue_snapshot,,,,,,E_queue,0.0
384.0,128,queue_snapshot,,,,,,N_queue,0.0
384.0,128,queue_snapshot,,,,,,W_queue,0.0
384.0,128,class_snapshot,,,truck,,,,5.0
387.0,129,queue_snapshot,,,,,,S_queue,0.0
387.0,129,queue_snapshot,,,,,,E_queue,0.0
387.0,129,queue_snapshot,,,,,,N_queue,0.0
387.0,129,queue_snapshot,,,,,,W_queue,0.0
387.0,129,class_snapshot,,,truck,,,,1.0
387.0,129,class_snapshot,,,car,,,,1.0
390.0,130,queue_snapshot,,,,,,S_queue,1.0
390.0,130,queue_snapshot,,,,,,E_queue,0.0
390.0,130,queue_snapshot,,,,,,N_queue,0.0
390.0,130,queue_snapshot,,,,,,W_queue,0.0
390.0,130,class_snapshot,,,truck,,,,3.0
393.0,131,queue_snapshot,,,,,,S_queue,2.0
393.0,131,queue_snapshot,,,,,,E_queue,1.0
393.0,131,queue_snapshot,,,,,,N_queue,0.0
393.0,131,queue_snapshot,,,,,,W_queue,0.0
393.0,131,class_snapshot,,,truck,,,,4.0
396.0,132,queue_snapshot,,,,,,S_queue,3.0
396.0,132,queue_snapshot,,,,,,E_queue,1.0
396.0,132,queue_snapshot,,,,,,N_queue,0.0
396.0,132,queue_snapshot,,,,,,W_queue,0.0
396.0,132,class_snapshot,,,truck,,,,5.0
399.0,133,queue_snapshot,,,,,,S_queue,0.0
399.0,133,queue_snapshot,,,,,,E_queue,0.0
399.0,133,queue_snapshot,,,,,,N_queue,0.0
399.0,133,queue_snapshot,,,,,,W_queue,1.0
399.0,133,class_snapshot,,,truck,,,,3.0
402.0,134,flow_cross,S_in,318.0,truck,S_entry,S_exit,,
402.0,134,queue_snapshot,,,,,,S_queue,1.0
402.0,134,queue_snapshot,,,,,,E_queue,0.0
402.0,134,queue_snapshot,,,,,,N_queue,0.0
402.0,134,queue_snapshot,,,,,,W_queue,0.0
402.0,134,class_snapshot,,,truck,,,,5.0
405.0,135,queue_snapshot,,,,,,S_queue,0.0
405.0,135,queue_snapshot,,,,,,E_queue,0.0
405.0,135,queue_snapshot,,,,,,N_queue,0.0
405.0,135,queue_snapshot,,,,,,W_queue,0.0
405.0,135,class_snapshot,,,truck,,,,3.0
408.0,136,queue_snapshot,,,,,,S_queue,1.0
408.0,136,queue_snapshot,,,,,,E_queue,0.0
408.0,136,queue_snapshot,,,,,,N_queue,0.0
408.0,136,queue_snapshot,,,,,,W_queue,0.0
408.0,136,class_snapshot,,,truck,,,,6.0
411.0,137,queue_snapshot,,,,,,S_queue,0.0
411.0,137,queue_snapshot,,,,,,E_queue,1.0
411.0,137,queue_snapshot,,,,,,N_queue,1.0
411.0,137,queue_snapshot,,,,,,W_queue,0.0
411.0,137,class_snapshot,,,truck,,,,6.0
411.0,137,class_snapshot,,,car,,,,1.0
414.0,138,queue_snapshot,,,,,,S_queue,0.0
414.0,138,queue_snapshot,,,,,,E_queue,0.0
414.0,138,queue_snapshot,,,,,,N_queue,0.0
414.0,138,queue_snapshot,,,,,,W_queue,0.0
414.0,138,class_snapshot,,,truck,,,,4.0
417.0,139,flow_cross,S_in,328.0,truck,S_entry,,,
417.0,139,queue_snapshot,,,,,,S_queue,1.0
417.0,139,queue_snapshot,,,,,,E_queue,1.0
417.0,139,queue_snapshot,,,,,,N_queue,1.0
417.0,139,queue_snapshot,,,,,,W_queue,1.0
417.0,139,class_snapshot,,,truck,,,,12.0
420.0,140,flow_cross,N_in,337.0,truck,N_entry,,,
420.0,140,queue_snapshot,,,,,,S_queue,1.0
420.0,140,queue_snapshot,,,,,,E_queue,0.0
420.0,140,queue_snapshot,,,,,,N_queue,0.0
420.0,140,queue_snapshot,,,,,,W_queue,1.0
420.0,140,class_snapshot,,,truck,,,,9.0
423.0,141,queue_snapshot,,,,,,S_queue,0.0
423.0,141,queue_snapshot,,,,,,E_queue,1.0
423.0,141,queue_snapshot,,,,,,N_queue,0.0
423.0,141,queue_snapshot,,,,,,W_queue,0.0
423.0,141,class_snapshot,,,truck,,,,6.0
426.0,142,queue_snapshot,,,,,,S_queue,0.0
426.0,142,queue_snapshot,,,,,,E_queue,2.0
426.0,142,queue_snapshot,,,,,,N_queue,0.0
426.0,142,queue_snapshot,,,,,,W_queue,1.0
426.0,142,class_snapshot,,,truck,,,,9.0
429.0,143,queue_snapshot,,,,,,S_queue,0.0
429.0,143,queue_snapshot,,,,,,E_queue,1.0
429.0,143,queue_snapshot,,,,,,N_queue,0.0
429.0,143,queue_snapshot,,,,,,W_queue,0.0
429.0,143,class_snapshot,,,truck,,,,5.0
432.0,144,flow_cross,N_in,342.0,truck,,,,
432.0,144,queue_snapshot,,,,,,S_queue,0.0
432.0,144,queue_snapshot,,,,,,E_queue,1.0
432.0,144,queue_snapshot,,,,,,N_queue,0.0
432.0,144,queue_snapshot,,,,,,W_queue,1.0
432.0,144,class_snapshot,,,truck,,,,4.0
432.0,144,class_snapshot,,,class_9,,,,1.0
435.0,145,queue_snapshot,,,,,,S_queue,0.0
435.0,145,queue_snapshot,,,,,,E_queue,1.0
435.0,145,queue_snapshot,,,,,,N_queue,0.0
435.0,145,queue_snapshot,,,,,,W_queue,1.0
435.0,145,class_snapshot,,,truck,,,,7.0
435.0,145,class_snapshot,,,class_5,,,,1.0
438.0,146,queue_snapshot,,,,,,S_queue,0.0
438.0,146,queue_snapshot,,,,,,E_queue,1.0
438.0,146,queue_snapshot,,,,,,N_queue,0.0
438.0,146,queue_snapshot,,,,,,W_queue,1.0
438.0,146,class_snapshot,,,truck,,,,7.0
441.0,147,queue_snapshot,,,,,,S_queue,0.0
441.0,147,queue_snapshot,,,,,,E_queue,1.0
441.0,147,queue_snapshot,,,,,,N_queue,0.0
441.0,147,queue_snapshot,,,,,,W_queue,1.0
441.0,147,class_snapshot,,,truck,,,,5.0
444.0,148,queue_snapshot,,,,,,S_queue,0.0
444.0,148,queue_snapshot,,,,,,E_queue,1.0
444.0,148,queue_snapshot,,,,,,N_queue,0.0
444.0,148,queue_snapshot,,,,,,W_queue,1.0
444.0,148,class_snapshot,,,truck,,,,6.0
447.0,149,queue_snapshot,,,,,,S_queue,0.0
447.0,149,queue_snapshot,,,,,,E_queue,1.0
447.0,149,queue_snapshot,,,,,,N_queue,0.0
447.0,149,queue_snapshot,,,,,,W_queue,1.0
447.0,149,class_snapshot,,,truck,,,,9.0
447.0,149,class_snapshot,,,car,,,,1.0
450.0,150,queue_snapshot,,,,,,S_queue,0.0
450.0,150,queue_snapshot,,,,,,E_queue,0.0
450.0,150,queue_snapshot,,,,,,N_queue,0.0
450.0,150,queue_snapshot,,,,,,W_queue,1.0
450.0,150,class_snapshot,,,truck,,,,8.0
450.0,150,class_snapshot,,,car,,,,1.0
453.0,151,queue_snapshot,,,,,,S_queue,0.0
453.0,151,queue_snapshot,,,,,,E_queue,0.0
453.0,151,queue_snapshot,,,,,,N_queue,0.0
453.0,151,queue_snapshot,,,,,,W_queue,1.0
453.0,151,class_snapshot,,,truck,,,,7.0
453.0,151,class_snapshot,,,car,,,,1.0
456.0,152,queue_snapshot,,,,,,S_queue,0.0
456.0,152,queue_snapshot,,,,,,E_queue,0.0
456.0,152,queue_snapshot,,,,,,N_queue,0.0
456.0,152,queue_snapshot,,,,,,W_queue,1.0
456.0,152,class_snapshot,,,truck,,,,5.0
456.0,152,class_snapshot,,,car,,,,1.0
459.0,153,queue_snapshot,,,,,,S_queue,1.0
459.0,153,queue_snapshot,,,,,,E_queue,1.0
459.0,153,queue_snapshot,,,,,,N_queue,0.0
459.0,153,queue_snapshot,,,,,,W_queue,1.0
459.0,153,class_snapshot,,,truck,,,,5.0
462.0,154,queue_snapshot,,,,,,S_queue,0.0
462.0,154,queue_snapshot,,,,,,E_queue,0.0
462.0,154,queue_snapshot,,,,,,N_queue,0.0
462.0,154,queue_snapshot,,,,,,W_queue,1.0
462.0,154,class_snapshot,,,truck,,,,7.0
462.0,154,class_snapshot,,,car,,,,1.0
465.0,155,queue_snapshot,,,,,,S_queue,0.0
465.0,155,queue_snapshot,,,,,,E_queue,1.0
465.0,155,queue_snapshot,,,,,,N_queue,0.0
465.0,155,queue_snapshot,,,,,,W_queue,1.0
465.0,155,class_snapshot,,,truck,,,,3.0
468.0,156,queue_snapshot,,,,,,S_queue,0.0
468.0,156,queue_snapshot,,,,,,E_queue,0.0
468.0,156,queue_snapshot,,,,,,N_queue,0.0
468.0,156,queue_snapshot,,,,,,W_queue,1.0
468.0,156,class_snapshot,,,truck,,,,4.0
471.0,157,queue_snapshot,,,,,,S_queue,0.0
471.0,157,queue_snapshot,,,,,,E_queue,0.0
471.0,157,queue_snapshot,,,,,,N_queue,0.0
471.0,157,queue_snapshot,,,,,,W_queue,2.0
471.0,157,class_snapshot,,,truck,,,,5.0
474.0,158,queue_snapshot,,,,,,S_queue,0.0
474.0,158,queue_snapshot,,,,,,E_queue,0.0
474.0,158,queue_snapshot,,,,,,N_queue,0.0
474.0,158,queue_snapshot,,,,,,W_queue,0.0
474.0,158,class_snapshot,,,truck,,,,5.0
477.0,159,queue_snapshot,,,,,,S_queue,0.0
477.0,159,queue_snapshot,,,,,,E_queue,0.0
477.0,159,queue_snapshot,,,,,,N_queue,0.0
477.0,159,queue_snapshot,,,,,,W_queue,0.0
477.0,159,class_snapshot,,,truck,,,,4.0
477.0,159,class_snapshot,,,car,,,,1.0
480.0,160,queue_snapshot,,,,,,S_queue,0.0
480.0,160,queue_snapshot,,,,,,E_queue,0.0
480.0,160,queue_snapshot,,,,,,N_queue,0.0
480.0,160,queue_snapshot,,,,,,W_queue,0.0
480.0,160,class_snapshot,,,truck,,,,3.0
480.0,160,class_snapshot,,,car,,,,1.0
483.0,161,queue_snapshot,,,,,,S_queue,0.0
483.0,161,queue_snapshot,,,,,,E_queue,0.0
483.0,161,queue_snapshot,,,,,,N_queue,0.0
483.0,161,queue_snapshot,,,,,,W_queue,1.0
483.0,161,class_snapshot,,,truck,,,,2.0
483.0,161,class_snapshot,,,car,,,,1.0
